{"innerWall":[[440,762],[653,761],[652,666],[583,575],[584,452],[649,381],[650,220],[558,218],[490,296],[489,403],[392,502],[317,503],[163,502],[166,545],[335,547],[438,640],[440,762]],"outerWall":[[242,885],[753,884],[843,776],[837,667],[774,580],[772,467],[826,393],[827,295],[828,187],[742,80],[448,75],[347,184],[343,352],[241,350],[107,349],[16,446],[15,596],[69,700],[244,702],[242,885]],"checkpoints":[[[596.0341194621998,761.2674454485342],[596.027998406875,884.3071859130981]],[[622.9677981044744,761.1409962530306],[624.0044079012875,884.2524375579231]],[[650.8451179193299,761.0101168172802],[653.0219092991016,884.195651840902]],[[652.9791712829604,759.0212718812327],[686.0335245594014,884.1310498540912]],[[652.9369598936406,755.0111898958567],[717.0666738153047,884.0703196207137]],[[652.9371814757368,755.0322401949961],[753.983606557377,882.8196721311475]],[[652.9689785065367,758.0529581209848],[783.983606557377,846.8196721311475]],[[652.9800576113449,759.1054730777687],[812.344262295082,812.7868852459015]],[[652.9904719698649,760.0948371371633],[840.0491803278688,779.5409836065573]],[[652.7701085752271,739.1603146465786],[841.018293194596,739.9989930351603]],[[652.4463771327277,708.4058276091309],[839.259629101284,708.0499286733248]],[[652.0775537336583,673.3676046975379],[837.3232357136865,672.8721154653031]],[[632.1814138935746,639.8624444103665],[815.3120124804992,637.0499219968799]],[[608.3472626897715,608.4289986198436],[795.3439937597504,609.4750390015602]],[[583.0241903502974,572.0245869134087],[773.9404994911141,576.6382212479439]],[[583.2869795109054,539.7015201586328],[773.3688248649496,544.3386048696557]],[[583.5327164573695,509.4758757435484],[772.8001252642292,512.2070774289532]],[[583.8378056840714,471.9499008592102],[772.1296484772568,474.32513896500313]],[[602.2948413554933,432.01640405784576],[778.9752144899905,457.441372735939]],[[630.8314267213469,400.84567235052873],[800.7244995233557,427.63679694947564]],[[646.1379235916253,384.1262680768401],[824.9189704480458,394.48141086749297]],[[649.1687369801714,353.83334619240486],[826.374492451848,356.2997397188883]],[[649.362742072371,322.59852634827257],[826.7430504945341,320.1810515356483]],[[649.5982563073837,284.68073451121745],[827.1178739819975,282.2696099442692]],[[649.8407144510455,245.64497338166984],[827.4504072010288,246.35602228889184]],[[649.9690610292416,224.98117429210106],[827.7843120445777,210.29429918559617]],[[642.8294756731224,219.84411903637223],[801.280445741576,153.75590342265855]],[[647.023145961266,219.93528578176665],[768.6647917219422,113.17596179357918]],[[646.0018894662257,219.9130845536136],[743.5607322897321,81.94184133722479]],[[645.936702881436,219.91166745394426],[682.1193601739512,78.98162177166584]],[[621.3830892772792,219.37789324515825],[625.6118943801251,78.02061044864158]],[[579.8592347661786,218.4752007557865],[582.794346584009,77.29242086027226]],[[563.0410958904109,218.1095890410959],[535.195868657545,76.48292293635281]],[[554.837504669406,221.6275681733283],[487.31175905899767,75.66856733093533]],[[556.2091893911095,220.0541651101979],[450.0164235898266,75.03429291819432]],[[556.0821815465073,220.19985057900635],[416.53183588443073,108.96069196630742]],[[556.0186776242062,220.2726933134105],[383.80128611538805,144.28376052893765]],[[555.6503548748599,220.6951811729548],[348.847839869577,182.00579657639713]],[[539.2663429211805,239.48860664923416],[346.0526912181303,223.78696883852717]],[[513.1154277175943,269.4852446768771],[345.2725212464589,256.55410764872613]],[[490,296],[344.50254957507076,288.892917847028]],[[489.6909170305676,329.0718777292641],[343.7926345609065,318.70934844192743]],[[489.37336244541484,363.05021834061336],[343.1070821529745,347.5025495750706]],[[488.01030713170223,404.01009890681945],[340.05995388162944,351.94235203689465]],[[457.3803227485684,435.2716293597086],[337.0415065334358,351.8831667947732]],[[426.1898490369599,467.1052056220719],[341.0203689469638,351.9611837048424]],[[394.42878709005726,499.52113482561174],[340.02075326671786,351.9415833973866]],[[343.02204052612865,502.65303945965167],[338.0411222136817,351.902767102229]],[[302.97461736307287,502.9089260867732],[305.83781706379705,351.27132974634895]],[[266.95016233081753,502.6750010540962],[267.5192159877017,350.5199846272098]],[[225.5687903191803,502.40629084622844],[227.4112045441889,349.89859107868796]],[[189.5768014504364,502.172576632795],[190.61474633847524,349.62399064431696]],[[164.97394274149343,502.01281781000966],[156.5644038536504,349.3698836108481]],[[165.00640890500483,502.01302862925326],[111.05947541348779,349.030294592638]],[[165.99987350845385,502.0194796981068],[77.96127755794234,379.9533634821933]],[[166.0128599738584,502.01956402580424],[44.86382136800452,415.2330695308084]],[[163.20344456404737,504.9160387513457],[17.841605426794803,444.03697003957035]],[[163.20344456404737,504.9160387513457],[15.687036131727478,492.94458024087817]],[[165.93057050592034,544.0048439181915],[15.353495400204435,542.9756899693348]],[[164.48708288482237,523.3148546824541],[15.5137549442247,518.9367583662947]],[[165.80139935414425,542.1533907427342],[15.066752588773832,585.9871116839249]],[[167.02352529319094,545.0121127253632],[30.698223128459077,626.2336149140693]],[[167.01169263084194,545.0119726938561],[48.09525196621032,659.7390037867754]],[[168.01155259933483,545.0238053562051],[70.97688465180059,700.0225929674491]],[[168.0352179240329,545.0240854192193],[120.0276208821705,700.5831728100819]],[[167.34300717661472,545.0158935760546],[165.907342714421,701.1075124881647]],[[202.14878347628215,545.4277962541571],[200.26856900323227,701.5002122171798]],[[241.10782426045859,545.888849991248],[239.34346534330214,701.9467824610663]],[[287.03038683703835,546.4323122702608],[241.98883411146304,701.9770152469881]],[[333.00028006301415,546.9763346753019],[243.96733645836443,704.9887140596547]],[[368.0318828538789,576.8249039360267],[243.97838354282985,703.9779058310705]],[[408.0969467234396,613.0001557794163],[243.97886125459053,703.9341952049654]],[[436.17083809326,638.3484266278949],[243.96733645836443,704.9887140596547]],[[439.01692638366467,702.0325094035434],[243.9453617173738,706.999402860296]],[[439.47528210639445,729.9922084900609],[243.6510315588332,733.930612366763]],[[439.97474476088126,760.4594304137572],[243.33424894754125,762.9162212999763]],[[441.99526118580565,761.9906325765925],[242.86376257725496,805.9657241811728]],[[440.95772536918673,761.9955036367644],[242.40468157525453,847.9716358642108]],[[441.99526118580565,761.9906325765925],[242.99608229103634,884.998050719587]],[[441.9905664536037,761.9906546175887],[315.0173328942027,884.8571089375848]],[[440.9999779590038,761.9953052677981],[375.01318923721476,884.739700216757]],[[442.967070751598,761.9860700903681],[435.01883027856707,884.6222723477915]],[[468.9805818823011,761.8639409301301],[466.22810410459476,884.5611974479363]]]}