{"innerWall":[[318,783],[441,783],[533,769],[601,779],[673,774],[678,751],[575,727],[510,736],[484,673],[504,608],[495,554],[507,481],[523,422],[585,396],[664,409],[738,393],[807,386],[805,312],[780,280],[762,224],[759,152],[704,146],[677,222],[704,260],[708,331],[668,369],[595,372],[519,371],[465,361],[393,359],[314,362],[251,360],[197,376],[168,434],[176,492],[233,491],[275,452],[296,418],[359,410],[420,416],[451,452],[466,533],[465,611],[462,686],[454,751],[402,765],[326,768],[250,766],[192,770],[185,781],[318,783]],"outerWall":[[326,904],[441,889],[542,911],[638,889],[733,894],[835,862],[818,775],[858,710],[781,630],[642,629],[640,535],[771,537],[835,496],[908,489],[930,401],[927,303],[922,238],[891,169],[919,98],[860,25],[745,20],[676,53],[609,45],[557,100],[554,188],[502,189],[501,138],[478,89],[440,49],[381,30],[300,29],[227,50],[216,108],[217,189],[241,235],[174,257],[117,241],[70,281],[26,334],[29,393],[43,461],[56,538],[99,611],[203,629],[296,602],[335,558],[359,615],[322,653],[172,671],[73,703],[37,781],[38,867],[131,910],[216,907],[326,904]],"checkpoints":[[[516.129792147806,771.5672055427251],[520.1174543752924,906.23350491343]],[[531.4277136258661,769.2392609699768],[536.3474029012634,909.7687412260178]],[[554.3903471634209,772.1456392887384],[559.7352577319587,906.9356701030928]],[[579.0338696020322,775.7696867061812],[584.6358762886598,901.2292783505154]],[[605.6995584565176,778.673641773853],[609.8531958762885,895.4503092783505]],[[630.6486849683241,776.9410635438663],[631.7451546391752,890.4334020618556]],[[655.3628335573046,775.2248032251872],[656.6850828729282,889.9834254143647]],[[669.1574198502591,774.266845843732],[681.353591160221,891.2817679558011]],[[673.2527075812274,772.8375451263541],[707.9116022099447,892.6795580110497]],[[673.4602888086642,771.8826714801444],[730.743093922652,893.8812154696133]],[[673.5324909747293,771.5505415162452],[760.0976548827442,885.4987749387469]],[[673.3429602888086,772.4223826714801],[792.7112355617782,875.2670633531677]],[[673,774],[831.6440322016101,863.0528526426322]],[[673.2346570397111,772.920577617329],[827.9754390430135,826.0507762789512]],[[675.427797833935,762.8321299638992],[818.659837108679,778.3768134385336]],[[677.4945848375452,753.3249097472922],[829.1931330472104,756.811158798283]],[[672.3734465802414,749.688958426464],[844.6094420600858,731.7596566523605]],[[670.6974519445687,749.2984354045597],[855.9399141630901,713.3476394849786]],[[673.6074206526598,749.9764863656683],[825.3675886122153,676.0961959607432]],[[673.450871703174,749.9400089405453],[799.7612945088816,649.4922540352018]],[[675.6333482342424,750.4485471613768],[785.5903966258415,634.7692432476276]],[[674.4638354939651,750.1760393383996],[737.1245730255667,629.6843494462272]],[[645.5022798390702,743.4277156906571],[695.23465479764,629.3829831280407]],[[618.216718819848,737.0699150648189],[661.2939654280095,629.1388055066764]],[[576.6759946356729,727.3905230219043],[644.0358658523963,629.0146465169238]],[[550.5759405480725,730.38179284719],[641.6823529411764,614.0705882352922]],[[506.227341227126,726.8585575888053],[641.2556561085973,594.0158371040743]],[[487.5095801937568,681.5039827771798],[641.0212669683258,582.9995475113137]],[[494.4432432432433,639.0594594594593],[640.7864253393665,571.9619909502253]],[[503.1783783783784,610.6702702702703],[640.7429864253394,569.9203619909495]],[[499.054054054054,578.3243243243242],[640.6570135746607,565.8796380090535]],[[495.56756756756755,557.4054054054054],[640.3823529411765,552.9705882352937]],[[499.7447469395213,525.1361227845791],[640.0420814479638,536.9778280542996]],[[506.73250502466664,482.6272610999449],[659.9800757355083,535.3050393242063]],[[515.7471233609847,448.7449826063689],[657.858432857559,535.2726478298864]],[[522.4262777629114,424.11560074926433],[655.9962714826682,535.2442178852316]],[[555.2893805309735,408.4592920353982],[658.0415962714827,535.2754442178853]],[[582.8053097345133,396.92035398230087],[655.9810078648413,535.2439848528984]],[[626.6567862714508,402.85491419656785],[659.9800757355083,535.3050393242063]],[[662.028081123245,408.67550702028086],[659.9495484998544,535.3045732595398]],[[690.6461967899512,403.2386601535241],[691.8963006117099,535.7923099330033]],[[708.8750872295883,399.2972784368458],[712.845616079231,536.11214681037]],[[732.0872295882764,394.2784368457781],[736.8552869210604,536.4787066705505]],[[751.6995841995843,391.6101871101871],[755.820332071075,536.7682493445966]],[[772.2848232848233,389.52182952182955],[774.9439155270902,534.4734291154579]],[[792.2819126819127,387.4931392931393],[799.5379954993942,518.7178466332006]],[[805.9814968814969,386.1033264033264],[831.0560844729098,498.52657088454214]],[[802.9403326403326,386.41185031185034],[860.4373373001116,493.56080327259207]],[[806.9474452554745,384.05547445255434],[881.2052807735217,491.56935663815545]],[[806.8664233576642,381.05766423357636],[905.3123837857939,489.2577166232801]],[[806.9510948905111,384.1905109489089],[915.7058823529412,458.17647058823513]],[[806.9182481751825,382.975182481754],[923.4117647058823,427.3529411764707]],[[806.902189781022,382.3810218978142],[929.2352941176471,404.0588235294117]],[[806.4868613138686,367.0138686131395],[928.9766982211587,367.5721418911853]],[[805.9839416058395,348.4058394160602],[928.2695308436492,344.4713408925418]],[[805.3489051094891,324.9094890510969],[927.585457193384,322.1249349838763]],[[805.1021897810219,315.781021897812],[927.0979923020909,306.20108186830475]],[[794.0236506973923,297.95027289266216],[925.3411764705883,281.4352941176476]],[[782.8502122498484,283.6482716798058],[923.635294117647,259.25882352941153]],[[775.1618497109826,264.94797687861274],[922.3058823529411,241.97647058823532]],[[769.1271676300578,246.17341040462452],[911.7443201677735,215.17284166375384]],[[762.7387283236993,226.2982658959536],[902.6480251660258,194.92624956308964]],[[761.0207972270363,200.49913344886954],[893.4867179307934,174.53495281370124]],[[760.0346620450606,176.8318890814553],[892.8506437768242,164.30729613733865]],[[759.1403812824956,155.36915077989397],[894.6291845493563,159.79742489270348]],[[759.1230502599652,154.95320623916632],[904.5409442060087,134.66403433476353]],[[757.1313296308397,151.79614505063705],[917.9761373390558,100.59622317596586]],[[756.9157138190134,151.77262332571055],[897.6702610669695,71.60896708286054]],[[756.8079059131003,151.7608624632473],[877.3383654937571,46.45255391600449]],[[756.96961777197,151.77850375694217],[862.8194097616346,28.488422247446124]],[[756.484482195361,151.72557987585756],[816.8207547169811,23.12264150943396]],[[756.3766742894479,151.7138190133943],[777.156603773585,21.39811320754717]],[[738.1212022214962,149.72231296961778],[740.4707692307693,22.166153846153804]],[[711.905913100294,146.8624632473048],[708.023076923077,37.68461538461531]],[[706.0842861809866,146.22737667428945],[678.8307692307693,51.646153846153766]],[[702.5348193697156,150.1242121445041],[649.4531078409839,49.830221831759275]],[[703.3981552651805,147.69408147578793],[615.4601361739511,45.77135954315834]],[[697.0974634896234,165.42936202920828],[593.1612846919181,61.75248734508659]],[[689.8296694850116,185.8868562644118],[575.3801710595217,80.55943445627508]],[[680.9887778631821,210.77232897770955],[559.3326933147146,97.53272822482108]],[[677.6308993082243,220.22413528055358],[556.0148329678833,128.89823294208873]],[[677.9255956956187,219.39461952344368],[554.8876563910744,161.96207919514927]],[[677.7014604150654,220.02551883166757],[554.0352121759317,186.96710950600027]],[[689.860101242522,240.09940174873464],[552.8658040665435,188.0218114602588]],[[702.4468476760239,257.81408191440414],[552.9426987060999,188.0203327171904]],[[706.0937314613407,297.16373343879604],[552.981146025878,188.0195933456562]],[[707.7286929009293,326.18429899149487],[552.9426987060999,188.0203327171904]],[[689.0512483574244,349.00131406044693],[553.9615526802219,188.0007393715342]],[[665.2101910828026,369.1146496815287],[551.9622920517561,